batch_idx,label,pred,correct,sentence,logits_0,logits_1
6868,1,1,True,"In a bizarre experiment, an astronaut is abandoned on the moon as Alice (Florinda Bolkan), a troubled translator living in Italy, wakes from a nightmare about a lunar mission mixed with an old movie that frightened her as a child. She also has no recollection of the last three days except for a torn photo of the Garma hotel she finds in her apartment. Fired from her job, Alice heads to that resort island to try and piece together the mystery...<br /><br />Often touted as a giallo due to it's director (THE FIFTH CORD's Luigi Bazzoni) and the presence of Evelyn Stewart, Nicoletta Elmi, and Klaus Kinski, FOOTPRINTS is actually a deliberately paced psycho-thriller with sci-fi overtones. Blurring the distinction between dream, reality, memory and movies, the disturbing story is beautifully photographed by Oscar-winner Vittorio Storaro with a pensive score by Nicola Piovani. It also combines elements of such diverse films as Armando Crispino's MACCHE SOLARI and Lucino Visconti's DEATH IN VENICE in it's depiction of alienation, isolation, hallucination, and maybe madness. Brazilian actress Florinda Bolkan, on screen all the time, does a redux of her Carol Hammond in Lucio Fulci's A LIZARD IN A WOMAN'S SKIN as Alice, a young woman thrust into a mystery that makes her question her sanity. The locations mirror Alice's unstable state of mind; the island of Garma, off-season, with it's Arabic influence and ancient ruins, is a lonely, almost mystical place unwilling to give up its secrets. Evelyn Stewart has a bit in the beginning as a concerned friend, Nicoletta Elmi and Oscar-winner Lila Kedrova are hotel guests, Peter McEnery plays a handsome biologist trying to help Bolkan, and the ever-intense Klaus Kinski is ""Blackmann"" in the film-within-a-film, ""Footprints On The Moon"". <br /><br />FOOTPRINTS is a classy case of ""Guaranteed 100% Euro-weird"" but not for everyone. There's only one murder toward the end but you won't see it coming as the film starts to come together.",2.0027762559493567e-07,0.9999997615814209
24016,0,0,True,"The main problems of 'Saw' are related to the tremendous script mistakes that only a uncritical spectator will just obviate. The main question is what's is the purpose of the killer in his lying in the middle of the floor? The film tries to show that the killer's aim is to cause evil and destruction in his victims, he loves to play with the lives of other people and to feel control over their the fears and debilities. So why does he just pretend to be dead between the two main characters? A tremendous unlikelihood: can a man pretend to be dead for more than one or two hours without moving a single muscle or even without breathing in order not to be discovered by two men who are in the same room? It has not sense at all except to be the final (d)effect of the movie. The killer seems to have always the control along the plot and if it's lying like a dead body this can't be possible. Finally, it doesn't work. The right place for the killer should have been a darker and untouchable shadow behind the false shadow (the male nurse) but not the floor of the white room. The director shouldn't have showed the killer's face and maybe the site where he is hidden. Then, the film would be a quite good thriller. However, 'Saw' is just a fiasco. Hitchcock, please, come back.",1.0,7.317255934153395e-28
9668,1,1,True,"It's one of my favorite movies as much because of the location and music as the story line. Don't matter how many times I watch it, it doesn't seem to ever get old. I can almost say all the lines along with the characters now. The movie is supper funny and really sweet.",7.333344441949347e-15,1.0
13640,0,0,True,"How in the world does a thing like this get into my DVD player at home? How does it even get to be packaged and distributed? Are there absolutely zero screenings a movie (and I use that term loosely) have to go through before it's put on a video store's shelf anymore? I'm all for DIY film making but come on! That doesn't entitle me to get a group of my friends and relatives together, a crappy camcorder, an awful story and put it all together to create a heaping pile of crap and call it a movie. And I wish people would quit using the words ""Indie"" and ""Campy"" to describe these types of movies. They're not either. In no other profession would something like this be considered acceptable. If someone tried to sell you car that was as bad as this movie, you'd take it back and say it was a lemon. If it was a surgical procedure, you'd be suing the doctor for malpractice. I wish I could get my time and money back after watching this. Shame on the video stores who stock movies like these. They're a rip-off to the public. You want ""campy""? Go get any of the Friday the 13th movies (even the LATER ones) or Dead-Alive. At least those don't make you want to kill yourself. It's because of movies like this that make people automatically equate independent with garbage.",1.0,1.1393289867100975e-08
14018,0,0,True,"When A Killer Calls has got to be the biggest ripoff released by Asylum so far. It's about a sexy babysitter on duty who receives spooky calls from a creepy voice who asks her repeatedly, ""Have you checked the girl?"" Naturally she has the calls traced by the cops (after having to perform some realistically unnecessary tasks -- hanging up when ""he"" calls, waiting ten seconds, and dialing *57). Sound familiar? Yeah, that's why I rented it, too.<br /><br />Well, it should. And I hate to say it, but this could've been more entertaining than the big-screen crapfest that was released around the same time if not for one fatal mistake -- Rather than revelling in B-movie ripoff glory, it tried to do something original. It tried to make the lead character sympathetic, rather than having clichéd, campy fun with her. Mind you, this could've worked with a talented actress. But she wasn't. Sure, she looked good, and she screamed, and cried, but . . . oh well, whatever.<br /><br />Then came the horrific ending. Not horrific in that it was horrifying, horrific in that it was BORING. The pacing up until that point (about an hour in) was campy, clichéd, and fun. Then it heads in another direction, and it veers away from just another dumb, fun slasher movie with a sexy ""teenage"" cast to a Hostel-esquire gore/borefest.<br /><br />I guess this falls into the ""Oh well, whatever"" category. The lead actress flubbed a line? Oh well, whatever, I don't feel like reshooting it. We forgot to give the killer motivation? Oh well, whatever, I don't feel like rewriting it. The pacing completely changes halfway through? Oh well, whatever, I don't feel like shaving fifteen minutes off. Continuity errors? Oh well, whatever.<br /><br />If you like this kind of movie (dumb, cheesy, predictable, campy splatter movie with sexy cast), then you'll be fine up until the ending. The ending is stupid, it's not fun, it's not scary, it's not campy or cheesy or quickly-paced. In fact, there was almost exactly five minutes of the character doing nothing but being tied up (and that's not a spoiler because it's on the back of the DVD) and looking around at the stuff in the room, then screaming, and . . . whatever.",1.0,2.3170585076606907e-21
7488,1,1,True,"That's certainly not the best film ever. But that's certainly worth seeing for people with a special kind of mind. So the one who loves sadness and depression, and scary fairy-tales at night, and wolves and real madness - welcome! If you find a copy, of course:) As for me, I could stand it only once... But since that the Wolves, and Saint-Lucy, and children's drawings, and a headless Christ live in my nightmares.",0.025036705657839775,0.974963366985321
5804,1,1,True,"FIVE STAR FINAL was one of the best films of the early 1930s. It starred Edward G. Robinson and was a very gritty story about a sleazy newspaper and their willingness to do anything...ANYTHING to sell newspapers. In particular, an old story of an innocent woman is plastered across the pages and helps to destroy her now happy life--many years after she was inadvertently involved in a scandal. The reason I loved the film so much was that it was unflinching and pulled no punches--showing just how low the publishers can be to sell papers.<br /><br />Here in TWO AGAINST THE WORLD, it is a remake of FIVE STAR FINAL--with a few changes. Instead of Robinson, this film stars Humphrey Bogart and he is the head of programming at a radio station, not a newspaper. Otherwise, the story is essentially the same--except that it's a bit less edgy and lacks some of the grit and sensationalism of the original. This isn't to say the film is bad--it just doesn't pack quite as good a punch as the first film. In other words, if you must see one of these films, see the first--though this film is quite powerful and enjoyable as well. As for me, I loved the story so much, I saw both films and enjoyed them both.<br /><br />TWO AGAINST THE WORLD begins with the UBC radio owner complaining to his programming head (Bogart) that all the ""high brow"" shows he's put on are getting low ratings. The owner demands muck--lots of muck in order to get more listeners. One way they discuss is to do a multi-part dramatization of a famous killing that occurred two decades ago--even though the killer was acquitted and she killed only in self-defense. However, they decide to play up the story as if she was guilty and they even go so far as to both send a writer to the lady's home pretending to be a minister(!) as well as broadcasting her current name and whereabouts. Needless to say, this ruins the woman and leads to a horrible tragedy. Then, and only then, does Bogart feel any real remorse for producing such garbage--leading to a dandy finale about journalistic integrity and decency.<br /><br />Well-acted, a great story idea and a message that is just as important today as it was back in the 1930s, this is one story you have to see. In particular, notice the wonderful and very emotional confrontation scene where the daughter attacks the owner and Bogart---it is one heck of a great example of acting and writing.",6.5996071454965666e-12,1.0
12909,0,0,True,"This is one of the most unoriginal, cliche-ridden movies I have ever seen. Even if you didn't like this film's antecedents, 'The Bad News Bears' and 'The Mighty Ducks,' they are bound to have done a better job than this one. From the moment the new teacher greets her class and they tell her, ""Don't bother with us, we're all losers,"" you can see everything that's coming twenty miles away for the rest of the film. <br /><br />All the usual suspects are here. Besides the spunky teacher, we have a group of what are supposed to be endearingly bratty kids (they're brats, yes, but no so endearing), a slow-witted small town sheriff that they love to torment, an arrogant head coach of the winning rival team, etc., ad nauseum. Only Olivia d'Abo as the new teacher displays any likabilty. I never cared much for Steve Guttenberg before and his performance as the sheriff doesn't change things. Jay O. Sanders is a capable actor but his character, the rival coach, leaves him nothing to work with. Let's hope that writer/director Holly Goldberg Sloan comes up with something better next time out.",1.0,1.6800982153292589e-15
3386,1,1,True,"Do you like explosions? How about fighting? Well, this movie has both of those. You know the other thing you can't have a movie without: a kick ass motorcycle, the type that bounces off someone's head and knocks them out at the same time. You bet the Stabilizer has one. There's even a classic cliff scene.<br /><br />All in all, I'm quite proud that I have even seen this movie...and even prouder to have my review be the first one...YES!",2.0993084035580978e-05,0.9999790191650391
9567,1,1,True,"Clouzot followed Le Corbeau, where no one knew who was penning the poison thus everyone was suspected, with another masterpiece, Quai des Orfevres four years later in which we know from the outset (or think we do) whodunnit. Top-billed Louis Jouvet doesn't appear for forty minutes by which time Clouzot has established a rich milieu of Music Hall, music publishers, etc and a fine cast of colourful characters; Angela Lansbury lookalike (Lansbury appeared in Woman of Paris that same year) Suzy Delair scores as the chanteuse whose desire to improve her lot inspires the jealousy of her husband/accompanist Bernard Blier who follows her to the home of an elderly letch only to find he is already dead. From here things go seriously wrong, his car is stolen before he leaves the premises so his pre-arranged alibi is out the window whilst meanwhile, unknown to him, his wife confesses to the murder to the photographer neighbour, a closet lesbian in love with her, who volunteers to return to the crime scene and retrieve Delair's scarf and as long as she's there,thoughtfully wipes her prints of the murder weapon, a champagne bottle. At this point investigator Jouvet gets involved and from then on it's a case of keeping the plates spinning in the air. Clouzot's output was relatively small but virtually all of it was, as Spencer Tracey said in another context, 'cherce', with Le Salaire de peur and Les Diaboliques still to come. In short this is a must for French cinema buffs.",1.2138090012270286e-12,1.0
21423,0,0,True,"I picked this DVD up for 3.99 at rogers video in order to get enough points to get a better movie for free. I never actually was planning on watching this but it started poking at my curiosity and i finally decided to pop in it the DVD player. The effects in this movie are horrible and cheap. Some of the dialog in this movie sounds like it was written by a swear happy 12 year old boy. The acting is really cheesy in some parts, and the ""action"" scenes are completely laughable. You'll burst out laughing at some parts which was a positive for me because it kept me mildly entertained. The plot is some girl has a curse on her which causes her to vomit snakes so some shaman has to get her to Los Angeles, there are also two girls trying to smuggle drugs there and a few other people that are unimportant to the plot, not that there really is a plot at all.Don't expect anything from this movie and don't listen to the cover, there are not 100 passengers and 3,000 vipers, there are 10 passengers and 20 random snakes.<br /><br />As for the DVD, there is a trailer which is almost as laughable as the film, a blooper reel which is just one shot over and over of one actor trying to say train, and the deleted scenes are really pointless, if they weren't good enough to stay in this movie they must be pretty bad. There is also a really bad making of featurette which doesn't really show much at all except that the people involved with this movie were kind of idiots. I can't recommend it unless you want a really bad movie that you can laugh at with friends. I give it 2 kitty cats out of 5.",1.0,2.4037826508654994e-32
3503,1,1,True,"I agree with Andy, this is a good movie. Kevin McKidd's character is believable throughout the film. We're forced to hate him and latterly sympathise with him. Paula Sage who plays Roberta puts in a good performance too. It's thought-provoking and emotive without any slush over-production. Credit to director Alison Peebles and writer Andrea Gibb for that. A very worthwhile viewing. The pace of the film is just right, raising just enough interest in the subject matter to reel you in, rather than bombard you with facts in a documentary style. Nice little soundtrack to go with the film too, again used sparingly, not to distract you from storyline. Recommended.",5.314490537682132e-22,1.0
6657,1,1,True,"I was reticent to see this flick before reading the external reviews and user comments posted here. Why? Firstly because Mick Malloy's humour can (in my humble opinion) be pretty crass and over the top, evidenced by his ill fated shemozzle of a television show some years back. And secondly because good Aussie comedy films are sadly as rare as the Tassie Tiger. <br /><br />Sensibly Mick has restrained his natural comedic exuberance in this surprisingly watchable movie. Who would have thought that a bowls club would provide the setting for one of the funniest Australian films in years. The cast is excellent with familiar local old timers all putting in believable performances. <br /><br />Interesting to see John Clarke playing the villain in this piece. It's a one dimensional part but JC still adds a touch of class, as always. Good to see Judith Lucy also getting a Guernsey or should I saw bowls uniform on the big screen. She's a real talent, pity a number of her retorts were expletives. Her own material is a lot wittier. Interesting character though. Bowls reporter on a local rag. How low on the journalist food chain can one get!!<br /><br />Crackerjack may not be the funniest film I've seen this year but it's certainly an enjoyable diversion, well worth a look. Lots of other people obviously agree with me as it's headed to be the biggest grossing Australian film this year. Good to see someone finally make a quirky, gentle comedy without trying to sledgehammer the laughs like so many Australian 'comedies' before it. <br /><br />Finally a bit of trivia. If you're wondering which Aussie Rules team Mick supports check out the flag on his workstation. Also look out for his old partner in crime, Tony Martin doing the announcing in the final bowls scene. <br /><br /> <br /><br />",1.7427017945034762e-12,1.0
19192,0,0,True,"This review contains spoilers. I didn't have any expectations about this movie. I pulled it off the video store rack with the movie, ""White Noise"".<br /><br />First, the credits for this stupid movie run about 5 minutes into it. The pacing from start to finish is slooooow. The main heroines don't like to wear a bra and the director appears to enjoy the jiggle effect as Anna Paquin descends the stairs. If you like movies for boobies, this one has a low level buzz factor.<br /><br />Second, it's nice that the movie rips off elements of Lovecraft and other horror genre mechanisms, but in better movies, there is at least some rational or consistently irrational behavior. This stinker tries to establish some sense of modernity and reality but then you have situations where no one calls the police even though they've uncovered a treasure trove of potentially incriminating forensic evidence, and otherworldly rituals are nicely spelled out in a comprehensive book on otherworldly rituals like on Buffy. I was waiting for Miles to show up and give some consultation on how to slay a certain demon type of so and so.<br /><br />The premise is that it is possible to open up an age of Darkness where creatures that crawl on the ceiling can cut your throat or turn the meat grinder effect on you. Ho hum. To do this you need to have a sacrificial circle and then have seven kids who must have their throat cuts by people who love them. This opens the world to the age of Darkness. At least that's what it says in complete detail in the book of ancient occult rituals. Which raises the annoying question of, uh, well, how did the ones who wrote the book know, and, if this is what happens, would you really leave this information in a book you can take out from the library, much less get it from a library in a world that is not covered already in Darkness, an age brought on by lunatics who could have performed this like much earlier using the ""Occult Practices to Bring the World to Darkness for Dummies, 2nd Edition""? It turns out the father in the story is the 7th child, the one that ran away from the ritual 40 years ago; he was released by his father, who is the doctor/grandfather in the movie, who wanted to try the ritual with presumably, other stupid parents, who just wanted to see if dumb sh*t like this opening the world to darkness actually works. The grandpa let the father go because he ""didn't really love him"". Aduh. Stupid stupid movie written by a moronic director who appears to think he's some kind of Eurofilm Auteur. There's also a scene in the movie where the kid appears with big welts on his face and the mother grabs him and has this total lack of reaction. The whole movie is like this. People seeing really weird sh*t going on and not reacting to it in any sort of normal way. Must be bad plot and direction.<br /><br />Anna Paquin does her best to play her character realistically without cracking a smirk, and she does look smashing in a halter top, but at several critical moments in the story, her character doesn't bother to call in for back up. You know, more of the same, ""I will walk into a likely demonic evil situation without any knowledge of defense or help from others carrying flashlights or firepower even though I sense impending doom."" And even dumber as it may seem, even if you bring on the age of Darkness, these creatures who make you bloody can't attack if you have a light source, but they appear as people you know, and tell you to turn off the light source. Reminds me of the video game ""Alone In The Dark""; maybe this movie is a rip off of that game's concept.<br /><br />The best actors in the film are the young kid and Anna. They both die at the end. The entire family dies. The Darkness creatures lead them to their death, but really, the stupidity of the characters in the family was the main cause of death. The other adults could be interchangeable with any other actors from the Red Shoes Diaries series of fine cinema.<br /><br />So to wrap up, the worst things about this movie are the stupidity of the characters in bumping around blindly in an obviously abnormal situation, the really crap plot (there is an old architect in the story who designs a house with a sacrificial altar hidden in it - the architect has suspected from the beginning there would be occult sacrifices in the house but doesn't tell anyone because, well, no real reason, they couldn't find the kids, but he didn't bother to tell authorities about the HIDDEN ROOMS which he designed into the house but he does like to hang around the house for a 40 year period because he worries about what is going on inside...derrrrh...duuuuh), the hackneyed use of scare mechanisms (more children standing around in the dark or only showing up in photographs, and blood on the wallpaper), and the egotism of the director which when you see him in the DVD features describing his crap work as a new and original rendition, makes you understand where the real horror of this movie lies.<br /><br />Is it entertaining? At 2x speed on a DVD player with the subtitles turned on, it can be entertaining, until your reach the end and realize the movie is crap, otherwise it draaaaaaaags on. The cinematic equivalent of a fatty shake; the empty calories are horrid.<br /><br />The movie gives the feeling the director must have seen ""The Ring"" and wanted to attempt to create something similar in mood, which in this respect, the film fails miserably, and so, also, in this respect, Jaume Balagueró, it is my opinion that you suck at what you do.",1.0,2.3267122617139958e-14
2518,1,1,True,"a hilariously funny movie! of course u gotta have a sense of humour to be able to appreciate it. the music is excellent, reminded me of 50-60's hindi music which is a rarity nowadays... worth the $$$! go check it out :)",2.5972566489328056e-31,1.0
13361,0,0,True,"I am not a big fan of the Spielberg/Cruise version of this film. And so I must throw in with the more humble Latt/Howel version. C Thomas Howel had more heart and more sympathy that Cruise in the lead role (at least in my opinion). Now this is hard to imagine until you strip away everything thing in the Spielberg version that cost more than a thousand dollars. There would be nothing left, no special effects, no sets, no Cruise. Because I doubt that anything cost more than a cool grand in the David Michael Latt version. So, comparing apples to turnips I guess I have to go with the turnips. At least it gives independent movies a shot at the epic science fiction disaster market.",0.9979721903800964,0.002027851529419422
21135,0,0,True,The only positive thing I can think of regarding this utter piece of garbage is that now I finally have a good answer ready if anyone ever asks me what the worst movie I ever saw was called.<br /><br />It would have taken such little effort to make it more watchable...a lot more effort and it could have been brilliant even. <br /><br />Why would anyone want to produce such waste? <br /><br />I refuse to believe that a director could be so ridiculously untalented. <br /><br />Making a completely intolerable movie must have been the point. <br /><br />Anything else just doesn't make sense.,1.0,1.9176635892905607e-23
21080,0,0,True,"Jon Stewart (aka John Liebowitz) constantly rips conservatism and anything Republican. This liberal comic is anything but, as he pours his cutting ""humor"" down the throats of impressionable youths. I've viewed the show while stuck in a waiting room while my car was repaired and this guy borders on treason. He'll take Al Queda's side over Bush any day. He's shameless and everything he says is punctuated by a phony laughtrack. I do remember four years ago when he ""interviewed"" John Kerry. The two made faces at each other that seemed to preclude a makeout session. It was like, ""Get a room, you guys"". I just don't like smirky little traitors who peddle their propaganda. Call me shallow. The Daily Show has had a long run and there are many likeminded liberals who have a seething hatred for Republicans and Conservatism. I'm not surprised at its success, but do that many people actually watch Comedy Central? That Mancia guy makes me barf.",1.0,2.4939802623796282e-14
6492,1,1,True,"This short, a formative cartoon featuring Pepe Le Pew, concerns a cat who thinks he'll solve all his problems by pretending to be a skunk. Trouble is, he attracts the most unwelcome attention of an honest and for truly skunk (our hero, Pepe, entering stage left) being decidedly more attentive, shall we say, than M. Cat would like. Every great plan has its drawbacks, but this one's a corker! I wonder if Jack Warner got a call from the Hays Office over the fact that Pepe and the object of his adoration were both male. After all, Betty Boop was in part responsible for the Production Code coming into existance. Subsequent ""conquests"" were clearly and most definitely female. Very good cartoon, but Pepe is a character who works better as the focal point, rather than supporting. Well worth watching. Recommended.",4.2819042755937176e-10,1.0
6891,1,1,True,"The Last Dinosaur is a film that is meant to be fun and exciting. It succeeds at doing both.<br /><br />Maston is a big game hunter who hunts big game(go figure). Owning a company he is planning on going on an expedition with a group of people including a photographer named frankie, a Japanese scientist, a guy who works for his company named Chuck, and an African guy who has aided him on many safari's named Bun Ta. The point is to study what is believed to be Tyrannosaurus Rex, dinosaur that killed the last expedition to the area. They will be getting to this prehistoric area taking a drilling vehicle that travels underwater called the Polar Borer. After getting to the area they soon find the Tyrannosaurus, which Maston tries to shoot but his gun gets jammed. Chuck immediately senses that Maston wanted to hunt the dinosaur all along to add it to his collection of ""Stuffed Animals"". WHile they were away, Tyrannosaurus invades their camp and takes the Polar Borer away from their camp. Upon returning the group realizes that they may be in the area longer than they expected and Maston states that he will kill the Tyrannosaurus.<br /><br />THe story is great for a science fiction film. Drilling to a prehistoric area is something that seems could really happen. The scenery is beautiful and it looks like a place where dinosaurs could still reside.<br /><br />Also I liked the characters in this film. Maston is the typical big time hunter who wants to get anything that could be a trophy kill. Also great was Bun Ta, played by Luther Rackley formerly of the NBA, who really looks and acts like an African tracker. Jackie is the typical female who causes problems for the group and seems to not belong in the wilderness. Chuck is the former employee of Maston who has his view of his boss change when he is in the wild with him.<br /><br />The Tyrannosaurus in this film is one of the best in a film. It stands a little too up-right like Godzilla does and it drags its tail, so it is a guy in a suit. But the suit looks good, especially the head and the tail, and the Tyrannosaurus looks good and very scary. I have seen plenty of other films where dinosaur suits look way worse. Tyrannosaurus in this film sometimes emits a roar sounding like Godzilla's and other times roars like King Kong from ""King Kong Escapes"" and ""King Kong vs Godzilla"". SO a great Tyrannosaurus.<br /><br />There is plenty of action in The Last Dinosaur. Of particular note is a great fight between Tyrannosaurus and Triceratops. Also a great scene where Bun Ta tries to spear the Tyrannosaurus. There are other great parts that I wont give away. You have to see for yourself.<br /><br />I recommend this film to everyone. Watch it and you will not be disappointed.",3.235769270304445e-07,0.9999996423721313
7752,1,1,True,"I really really liked this one. I know, it's rampant with what are now cliché plot lines, and plenty of overacting, but it was hell of a lot of fun.<br /><br />In our quest for 70's and 80's horror cheese, we come across many flicks that are so bad they're good. We also have some that are so 'good' they suck, and then, we have some that are so bad they are just bad. This is definitely so bad it's good.<br /><br />Some teens traveling come across an 'oasis' in the middle of nowhere, a forgotten slice of roadside America, and they decide to 'check it out.' They cross every line of inappropriate until it is absurd and they pay for it. They pay dearly.<br /><br />I would not normally give a movie like this a 9, but the girls in this one are the type that we miss from the 1970's: ditzy, scantily-clad and FIT. These aren't the anorexic broads from today's horrible horror; they look awesome in booty shorts.<br /><br />I give it a 9 out of 10, kids.",4.472860012829373e-22,1.0
8614,1,1,True,"<br /><br />When this film was released I dismissed as being lightweight pop nonsense. That was a mistake. <br /><br />After repeated viewings and seeing a documentary of the making of DIRTY DANCING, discovering the depth of this film certainly increases its appeal.<br /><br />DIRTY DANCING is a film about change. The evolving nature of relationships within the family, the changes in one's view of the world during their coming of age, etc. The story takes place during August of 1963, the final weeks of the last summer of innocence for the American people. The many personal changes experienced by the characters reflect the many changes in American society that would be marked by the Kennedy assassinations and Vietnam.<br /><br />Female movie go'ers adored this film and repeated trips to the movie houses made it the world's most successful dance movie. As a male I find the romantic pairing of ultimate stud Patrick Swayze with very plain Jennifer Grey very hard to accept. This would be fatal for most romantic dramas, and it also may have create the intense dislike expressed by most male reviewers.<br /><br />The film's soundtrack found #1 status before the release of the movie. To this day it is nearly impossible to attend a wedding reception without hearing a DIRTY DANCING song.<br /><br />Near the midpoint of the film Baby's mother wakes up and asks Baby's father, ""Is anything wrong?""<br /><br />Baby's father, the anti-change family member, attempts to keep all that is happening a secret. He tells his wife to go back to sleep. However, resist as one can, change is unstopable. DIRTY DANCING is the story of one person waking up just at the final moments of our country's last sleep in innocence.",2.6789120965986513e-06,0.9999973773956299
6649,1,1,True,"""Boy Next Door"" is a hilarious romp through male neurosis. In just over fifteen minutes, the film takes us on a journey that most full-length features can't even match. Great performances, excellent camera work and editing---this short is a classic from start to finish. Kudos to Travis Davis for pulling double duty as both director and star. He's the funniest nebbish since Woody Allen. And what a treat to see Richard Moll back again. If you thought all he could do was play ""Bull"" the bailiff on ""Night Court"", think again. This gem of a film showcases the brilliantly funny writing of Stephen Garvey. Remember that name. Forget Charlie Kaufman, Steve Garvey is the true current king of quirky comedy.",4.93810941449815e-27,1.0
2227,1,1,True,"I didn't see this movie until it appeared on television because I was doubtful about comic flicks. Ever since the ""Batman"" series, ""Spawn,"" ""Judge Dredd,"" and many other pitiful p.g.-13 bombs, I dodged everything at all cost. I would question in my mind, ""why can't someone make a movie that is rated R and stays true to the story, how difficult is that?"" And finally my prayers have been answered with Blade. This movie pops right out of the pages onto the screen with sheer violence, blood, martial arts, weapons, fire, the good against evil, etc. Yeah sure a lot of action flicks contain all these goodies, and most of them have bombed. But not Blade, the movie was filmed just right, not going overboard, delivering a good length and never a dull moment. Blade II is cool, but not as cool as the first. Blade is indeed one of the best real comic flicks I've seen in a long time.",1.1751080810341633e-18,1.0
12060,1,1,True,"Adult version of the classic Lewis Carroll tale is much better than you might expect. Here Alice is a virginal librarian who falls down the rabbit hole and learns to love sex and her own self image. Made at the time when adult films were creative endeavors with plots instead of just a series of sex scenes, this is a good looking little movie more akin to the low budget films of its day. Despite what you may think this film actually has a good script with funny jokes and good songs. Its an naughty little tale for adults. If you're wondering whether or not my recommendation is a good one or not consider that the film was pretty much only available in its non-hardcore version for the better part of the last three decades simply because the film stands up with out the sex, which is how I first saw the film years ago on cable TV. The relatively recent home video release on DVD put back the sex (in horribly grainy inserted clips) which makes it clear the removal of the shots was the best choice all around. If you're an open minded adult with a taste for something spicy I can heartily recommend this little film as a nice diversion.",4.223204631056271e-14,1.0
19122,0,0,True,"This film is little more than an ersatz Verhoeven. The filming is supposed to be tele-realistic, but is simply sickening. The parody disappears after about 15 minutes to be replaced by a story which seems to take itself seriously. The Brechtian pauses for non-existent advert brakes are tedious, and even painful; undoubtedly there was no actual intention to render this film Brechtian, it was just an accident which happened like that. If you want to see a parody of reality tv, watch Celebrity DeathMatch - it's funnier and wittier, and most importantly shorter. I have rarely felt so much pain whilst watching a film. To be avoided like a rabid rabbit.",1.0,1.351044670812507e-27
9622,1,0,False,"Right this may be the wine talking but this could be the best movie I've seen in a very long time. Granted I spent much of the first half an hour wondering what the hell was going on but once I had accepted that I would never understand everything from the subtitles I was able to enjoy the film.<br /><br />Can you really hate a film where a staff turns into a flock of birds that defecate over the enemy? What does character development matter when faced with a lesbian alien princess whose people built the pyramids? Why does Buddha wear seriously blinging diamond earrings? Does any of this matter when faced with the sheer sumptuousness of the visuals and the sly humour of the characters. Any battle for my heart was won once I saw the main protagonist dressed as spider-man - awesome! Many people will complain about a lack of story cohesion but for a fun movie to laugh about with a bunch of mates you can't do better, especially if you do an alcoholic shot every time someone says ""I will love you 10,000 years"".",0.9999923706054688,7.66960238252068e-06
12279,1,1,True,"Honestly, at first, I watched this movie because of the gratuitous sex scenes I heard it possesses but by actually watching the film, it just made me realize that there are still good and sensible movies out there. Truly, it is one of the most well-crafted and touching movies I've ever watched. I'm a teenage bisexual and the film spoke to me about my predicaments - sex, religion, love, acceptance, etc. It gave me an idea on how to deal with these issues with the help of my self and others around me who love me for who I am. Cox really handled the movie well by sprinkling dozes of heart-warming lines and a bit of sexuality in it. It made the movie more interesting. Some people compare it to Brokeback Mountain but I don't agree myself. Brokeback Mountain has more drama while Latter Days is well-balanced.",4.798144125872888e-16,1.0
16447,0,0,True,"An art student in Rome is possessed...or something. She has dreams of being nailed to a cross and Satan himself raping her. He possesses her (I think) and turns her into a sex addict. That's about all I could take and I turned it off.<br /><br />A pointless ""Exorcist"" rip off. I caught this on cable back in the 80s and was horrified...and not in a good way! This movie is supposed to be a horror film but turns into nothing more than a sex film disguised as a horror movie. There's tons of pointless female nudity and the actress playing the lead has to degrade herself more than once. We see her being raped by Satan (a hot-looking guy), masturbating, coming on to her own father...Gotta give her points for bravery. Add to that bad dubbing, editing (the rape scene looks like it was cut a bit), lousy acting and a story that makes next to no sense. The one disturbing sequence (her being nailed to the cross) ALMOST works but the lousy ""special"" effects ruin it. This is one of the few horror film that was so bad I stopped watching. Skip it.",1.0,4.820971633140036e-37
423,1,1,True,"This hugely entertaining short is considered one of the best shorts ever, and I certainly won't argue with that. Even in a country where top-notch animated shorts are created with regularity, this film still manages to stand out. If you ever get the chance to view this film, please do so. It's only ten minutes long, and yet it contains a man who is obsessed with saws, a woman who vacuums the bathtub, and a nuclear war. What more could you want in a film?",2.5627421192109257e-12,1.0
14337,0,0,True,"This is like a zoology textbook, given that its depiction of animals is so accurate. However, here are a few details that appear to have been slightly modified during the transition to film:<br /><br />- Handgun bullets never hit giant Komodo dragons. It doesn't matter how many times you shoot at the Komodo, bullets just won't go near it.<br /><br />- The best way to avoid being eaten by a giant Cobra, or a giant Komodo dragon, is just to stand there. The exception to this rule is if you've been told to stay very still, in which case you should run off, until the Komodo is right next to you, and then you should stand there, expecting defeat.<br /><br />- Minutes of choppy slow motion footage behind the credits really makes for enjoyable watching.<br /><br />- $5,000 is a memory enhancement tool, and an ample substitute for losing your boating license/getting arrested.<br /><br />- Members of elite army units don't see giant Komodo dragons coming until they are within one metre of the over-sized beings. Maybe the computer-generated nature of these dragons has something to do with it.<br /><br />- When filming a news story aiming on exposing illegal animal testing, a reporter and a cameraman with one camera is all the gear and personnel you will need; sound gear, a second camera, microphones etc are all superfluous.<br /><br />- When you hear a loud animal scream, and one person has a gun, he should take it out and point it at the nearest person.<br /><br />- When you take a gun out, the sound of the safety being taken off will be made, even if your finger is nowhere near the safety<br /><br />- Reporters agree to go half-way around the world in order to expose something - without having the faintest idea what they're exposing. Background research and vague knowledge are out of fashion in modern journalism.<br /><br />- Handguns hold at least 52 bullets in one clip, and then more than that in the next clip. Despite that, those with guns claim that they will need more ammo.<br /><br />- Expensive cameras (also, remember that the reporter only has one camera) are regularly left behind without even a moment's hesitation or regret. These cameras amazingly manage to make their way back to the reporter all by themselves.<br /><br />- The blonde girl really is the stupid one.<br /><br />- The same girl that says not to go into a house because a Komodo dragon can easily run right through it, thus making it unsafe, takes a team into a building made of the same material for protection - and nobody says a word about it.<br /><br />- High-tech facilities look like simple offices with high school chemistry sets.<br /><br />- Genetically-modified snakes grow from normal size to 100 feet long in a matter of a day, but don't grow at all in the weeks either side.<br /><br />- The military routinely destroys entire islands when people don't meet contact deadlines.<br /><br />- Men with guns don't necessarily change the direction they're shooting when their target is no longer right in front of them. Instead, they just keep shooting into the air.<br /><br />- The better looking you are, the greater your chance of surviving giant creatures.<br /><br />- Women's intuition is reliable enough to change even the most stubborn of minds.<br /><br />- Any time you're being hunted by giant creatures is a great time to hit on girls half your age.<br /><br />- Animal noises are an appropriate masking noise for 'swearing' at the same volume.<br /><br />- Old Israeli and Russian planes are regularly used by the US Military.",0.9994421601295471,0.00055787613382563
22163,0,0,True,"A young woman, Jodie Foster, is witnessing a mafia murder, reports the killing to the local police, and becomes herself a hit target by the mob operatives. A professional killer, Dennis Hopper, hired by mafia, is stalking her to prepare for the hit, but eventually he falls for her. Then, as a parody of the Stockholm Syndrome that defines a case when an abducted hostage begins to like and cooperate with the kidnapper, Jodie Foster falls for her abductor too, make love, and both prepare for a getaway.<br /><br />Denis Hopper, the actor, tries to align himself with the creative ambitions of Dennis Hopper, the director. The result is disappointing, and fails to keep pace with the artistic level of a great performer as Dennis Hopper is. There is no real thrill and the script is sometimes naive and predictable. The film is saved to some extent by the performance of Jodie Foster who is not at her best, but still shines with her talent, beauty and gift. Of historical interest is the short appearance of Vincent Price, and, in a small act, of Charlie Sawn known from his great part in ""Wall Street"".<br /><br />If you decide to spend the 116 minutes to see the film, it is not a complete loss; this movie offers easy entertainment, but we would expect much more from the director of ""Easy Rider"", and the actress who gave us the character of Sarah Tobias in ""The Accused"".",1.0,1.0078082368636387e-08
19839,0,0,True,"Very silly high school/teen flick about geeks trying to prove themselves better than the rich brats. Sound familiar? This television movie from director Rod Amateau (""Uncommon Valour"" and some ""Dukes of Hazaard"" episodes believe it or not) says nothing, does nothing, and surely will entertain very few.<br /><br />Notable for its ""who's who"" of television cast, including Michael J. Fox, Bob Denver (""Gilligan""), and Todd Bridges (""Different Strokes""). This lame effort barely limps over the line. Also stars Anthony Edwards (""E.R."").<br /><br />Saturday, September 5, 1998 - Video",0.9999867677688599,1.3287673027662095e-05
12456,1,1,True,"Fellowe's drama about a couple's marriage which is threatened by a younger third party which interests the wife of the house (Watson). Wilkinson plays the role very well as the troubled husband who cant control his wife's cheating, and deals with the issue. I also like Rupert everett a lot in his role as William Bule, the man that Watson has the affair with. Although i think Emily Watson is a great actress, i had a bit of a problem with the way her character was written, did not make her too likable (i know a cheater is not supposed to be likable, but some of her actions and things she did had no reasoning behind them). The screenplay was perhaps the weak part of this drama, although Fellowes' direction was good and the performances were also quite good. This film is better than Unfaithful, but not a masterpiece by any means. ---IMDB Rating: 6.7, my rating: 8/10",3.086700598942116e-05,0.9999691247940063
10277,1,1,True,"I bought this movie because of Raquel Welch. She was gorgeous in this film as she played the role of Harry (Mike Wagner) girl friend. Harry a robber down on his luck trying to make one more heist. Harry goes to a funeral where he meets Vittorio De Sica and takes him for a ride. When things don't work out on the ride they put there mines together to figure out the fastest way to get money. Harry and his gang decide with the help of Vittorio De Sica to from there on mob. Rest a sure that no matter what the gang goes after that the outcome is never the same and will keep you on the edge of your sit. The rest of the out come you need to watch for yourself. As far as Raquel goes if you're a fan of here then you need to watch this movie because she never looked better standing on the beach with a ****** on. I give this movie 10 weasel stars on Raquel Welch body alone. It's no wonder why she was the hottest actress back in the sixties. She was the sex symbol everyone one wanted and no one could get. Not only does she look good, she can act even better. If you like, Raquel Welch then you'll like this movie",7.901203935034573e-05,0.9999209642410278
23085,0,0,True,"Help! Once again, Paul Schrader has sabotaged his own intentions with dull, pedantic storytelling. I rearranged a vacation so that I could see this ""world premiere."" What a mistake! Why did Schrader even want to make an Exorcist film? Lofty intentions are fine, but if I wanted 2 hours of theological babble, I would visit my nephew's Sunday school. Father Merrin's struggle with his faith, as presented in his younger days, is a potentially interesting subject. But an Exorcist movie needs more! The relentlessly draggy presentation, along with ridiculous special effects, makes for a strange production. Who is this movie for? I didn't bother seeing the Harlin version, but at least they apparently tried to deliver some sort of visceral thrills.<br /><br />The Exorcist series has been quite strange. The first film was excellent, but every sequel has been unloved and pointless. Why do they keep making them? I suppose Schrader made it so that he could get a lot of money. But why should we go?",1.0,2.5712388217424957e-18
1805,1,1,True,"Shohei Imamaura's Black Rain was released in 1989 just at the onset of the AIDS epidemic, a fact that gives the film about the slow deterioration of Hiroshima radiation victims an added poignancy. The black rain in the title refers to the combination of ash, radioactive fallout, and water that fell one or two hours after the explosion. There have been other books and films about the dropping of the atomic bomb but none as unique and powerful as this one. Based on a novel by Masuji Ibuse who gathered information from interviews and the diaries of real-life bomb victims, the film depicts how an entire family is affected psychologically as well as physically by the bomb years after the original explosion. It is a horrifying vision but one that resonates with deep compassion for humanity. <br /><br />The film begins in Hiroshima on August 6, 1945 as soldiers and civilians go about their normal daily activities. Suddenly a blinding light flashes and a thunderous blast is heard. Almost every single building is destroyed or damaged beyond repair. The first atomic bomb ever dropped on a city is now a part of history. Survivors must somehow restart their lives, unaware of the bomb's devastating after effects. Filmed in high-contrast black and white, the story centers around Yasuko (Yoshiko Tanaka), a young woman who is caught in the radioactive rain as her boat heads back to the city to search for friends and relatives. In Hiroshima, Imamura shows us indelible images that remain with us: a young boy with skin hanging from his body pleads with his brother to recognize him, an older man is in tears over his inability to free his son from piles of debris, a mother is in torment as she rocks the blackened body of her child.<br /><br />When the family returns to their rural home, Yasuko's life is forever changed. She sees her friends dying around her and waits for the inevitable bouts of radiation sickness that have already affected her Uncle Shigematsu Shimuza (Kazuo Kitamura) and Aunt Shigeko Shimuza (Etsuko Ichihara). Pretending that there is only business as usual, the family denies that the bomb has affected Yasuko. ""She forgot how Hiroshima and Nagasaki were destroyed. Everyone forgot it. They forget the hell of fire and go to rallies like an annual festival. I'm sick of it,"" says a friend Katayama (Akiji Kobayashi). Yasuko internalizes the tragedy, feeling shame for being different than others and guilty for being contaminated.<br /><br />When her aunt and uncle try to find her a husband, the eligible men refuse to marry her because of suspicions about her health, even though Shigematsu has copied her diary to prove that she wasn't directly exposed to the bomb. The only suitor she feels comfortable with is another damaged man, Yuichi (Keisuke Ishida), who has a panic attack every time he hears the roar of an engine. At the end, the beauty of life shows itself ever so fleetingly when Yasuko goes to the pond and sees a sight she has been longing for all her life, the king carp jumping in the water, playfully as if to say that beyond despair there is still joy. Sadly we hear on the radio statements by politicians about using the bomb once again in the Korean War. ""Human beings learn nothing"", says Shigematsu. ""They strangle themselves. Unjust peace is better than a war of justice. Why can't they see?"" Immamura's Black Rain has hopefully allowed all of us to see more clearly.",6.109087302870464e-13,1.0
2790,1,1,True,"Taut, topical political thriller, taking square aim at the controversial US policy of rendition, another appalling Orwell-ian phrase (collateral damage, anyone?) for the illegal interrogation even torture of terrorist suspects by-passing due legal process. The inhuman interrogation is overseen by the Egyptian Chief of Police, himself the target of a fundamentalist suicide - bomb plot, thus entwining the two main plot-lines of the movie. Both work very well, the bombing set-piece graphic and chilling in its realism, with its denouement revealed in a stylish Tarantino-type flashback and the torture scenes on an innocent man also unflinchingly portrayed in all their gory detail. The film scores telling points about the use of torture as a credible means of intelligence - gathering in the war against terrorists and against the unpoliced faceless bureaucracy (here personified by a suitable cold-steeled Meryl Streep, as the CIA boss who casually gives the order for rendition) which can ruin innocent lives. Never mind Kafka's fiction, think more the recent killing of the innocent Brazilian in London in 2005, with the Head of the Metropolitan police still in his job and no-one tried for the poor man's murder. The acting is excellent throughout - the two key roles of the innocent man and terrorist bomber are realistically and tellingly played by the unfamiliar actors Omar Metwally and Moa Khouas. Similarly Yigal Naor as the intimidating Chief of Police and Zineb Ouhach as his idealistic lovelorn daughter ring true with their performances, their lack of familiarity (at least to me) adding to their characters' credibility. Of the bigger Hollywood names present, Gyllenhaal's stature grows with succeeding films, here playing the initially detached but later conscience - stricken and anguished Government man who does the right thing in the end. Witherspoon plays her distraught wife part mainly in one key but is believable all the same, while David Fabrizio and Alan Arkin convincingly show up self-serving senators and their lackeys who'll only go so far to help you until their career prospects are jeopardised. There are a few weaknesses plot-wise; there's little dramatic need to create the ""suspense"" surrounding El-Ibrahimi's escape and Streep's character is perhaps too obvious a bogey-man/woman. Worst of all is the meaningless inclusion of Gyllenhaal's on-the-spot girlfriend, around merely for decoration and a brief gratuitous love-scene. On the whole though, an engrossing thought - provoking cinematic experience.",1.3514925669474293e-13,1.0
24427,0,0,True,"Wow. They told me it was bad, but I had no idea.<br /><br />We've started a tradition. We found one copy of this movie, and we just pass it from person to person. Whoever has the movie watches it, and then passes it to someone else deemed worthy of seeing this unique, creative, horrible movie. Hopefully it'll travel 'round the world a few times.<br /><br />It's painful. Really painful. It's even beyond so bad it's funny. Well, okay, sometimes it's so bad it's funny. But most of the time it just gives you that feeling that there's something sucking at your brain from the inside.<br /><br />Wow. Watch it, then pass it.",0.6172491908073425,0.38275080919265747
17716,0,0,True,"OMG what has Disney done lately..most of their new shows really suck. Suite life of Zach and Cody are pretty good but other shows like Cory in the house, Wizards of Waverly Place suck and are unwatchable.<br /><br />Naturally Sadie is just beyond stupid and dumb. Its about a teenager named Sadie who likes science and grows up and goes through her everyday life. There are her friends Margaret and Rain and her older annoying brother Hal. There all annoying and stupid. Especially Margaret who thinks she's the most popular girl in school and thinks she's soo pretty...its just beyond awful. I hate all the seasons of this show, its just terrible in every way (the first season was better though).<br /><br />If you value your life, you wouldn't watch this crap, its painful and stupid",1.0,1.7089345414581132e-14
